Attribute;Attribute  Definition;Type;Mandatory;code / detail;Comment;Exclude
Treaty_Number;Referential of the treaty contract;code;yes;Omega;ID for link to Treaty Number in product file;
Portfolio_Origin;Block of portfolio origin (in particular used for merged entities);code;yes;"Omega: ""Portfolio Origin""";ID for link to IBNR amount table;
Bucket_ID;Aggregation of treaties, for which IBNR amount has been calculated;free text;yes;;ID for link to IBNR amount table;
Decrement;Type of decrement the IBNR is applied to;code;yes;(?i)(qx)|(ix)|(wx)|(tx);ID for link to IBNR amount table;
