Attribute;Attribute  Definition;Type;Mandatory;code / detail;Comment;Exclude
Year;Calendar Year of incurred events the factor applies to;numeric;yes*;[0-9]{4};Mandatory to have one and only one of four attributes (Year / Half-Year / Quarter / Month);1
Half_Year;Calendar half-year of incurred events the factor applies to;code;yes*;[0-9]{4}H(1|2);Mandatory to have one and only one of four attributes (Year / Half-Year / Quarter / Month);1
Quarter;Calendar Quarter of incurred events the factor applies to;code;yes*;[0-9]{4}Q(1|2|3|4);Mandatory to have one and only one of four attributes (Year / Half-Year / Quarter / Month);1
Month;Calendar Month of incurred events the factor applies to;code;yes*;[0-9]{4}M1?[0-9];Mandatory to have one and only one of four attributes (Year / Half-Year / Quarter / Month);1
Result Metric;Type of result metric the factor is applied to;code;no;(?i)(By Count)|(By Amount)|(Loss Ratio);;
Decrement;Type of decrement the factor is applied to;code;yes;(qx)|(ix)|(wx)|(tx);;
Client_Risk_Carrier Name;Name of the legal entity the corresponding reinsurance treaty is written or will be written;code;no;;;
Commercial_Client_Name;Name of the legal entity the business relationship is conducted with;code;no;;;
Distribution_brand_name;The brand name the portfolio is distributed under;Free text;no;;;
Client_group;Client group name;code;no;;;
Client_segmentation;Category of client;code;no;(?i)(A)|(B)|(C);;
Client_code;Official code to identify client (insurer);code;no;;;
Client_country;Country of client;code;no;;;
Deal_ID;Reference to the deal corresponding to a New Business opportunity;code;no;;;
Everest_Quote_Number;Reference to the New Business opportunities according to Everest;code;;;;
Omega_Treaty_Number;Reference to the Omega assumed treaty (mandatory for inforce treaties);code;;;;
Everest_Treaty_Number;Reference to the Everest assumed treaty (mandatory for inforce treaties);code;;;;
Business_Area;Official LOB classification according to SCOR reporting;code;;(?i)(Protection)|(Financial)|(solutions)|(Longevity);;
Portfolio_Origin;Block of portfolio origin (in particular used for merged entities);code;;;;
Currency;Monetary unit of the Reinsurance treaty.;code;;;;
Legal_Entity;Legal Entity SCOR for RI treaty;code;;;;
Type_of_policy;Method of risk acceptance;code;;(?i)(Group)|(Indiv);;
Product_type;Main category of type of product the insurance cover is part of.;code;;(?i)(Protection)|(Savings)|(Mortgage)|(Credit)|(Linked)|(Annuity);;
Gender_differentiation;Product/premium differentiated by gender?;code;;;;
Mortality_definition;Coverage definition for Death;code;;(?i)(all causes)|(all causes excl suicide)|(sudden death)|(accidental);;
Terminal_Illness_coverage;Indicator if Terminal Illness is included in Death cover or not;code;;(?i)(Yes)|(No);;
Med_risk_class_structure;# of classes in preferred class structure or other method of differentiating the medical risk (e.g. 4N/2S);code;;;;
Occ_risk_class_structure;# of classes or other method of differentiating the occupational risk;Numeric;;;;
Gender;Gender of the insured;Code;;(?i)(Male)|(Female)|(Unknown);;
Age_at_Commencement;The age of the insured at the date of commencement.;Age;;;;
Cover_Expiry_Age;Maximum age of benefit coverage;Age;;;;
Cover_Term_Band_Market;Band is defined according to the local standards;Numeric;;;;
Face_Amount_Band_Client;Face Amount at Date of Commencement, banded according to Expected Table banding;Code;;(?i)Band (1|2)?[0-9];;
Face_Amount_Band_SCOR;Face Amount at Date of Commencement, banded according to analysis band;Numeric;;;;
Main_Risk_Type;Type of main benefit of policy based on EA classification;code;;(?i)(Life)|(CI)|(DI)|(LTC)|(TPD)|(Health);;
Acceleration_Risk_Type;Type of benefit that is attaching to a life insurance policy, and which is payable prior to death on a condition e.g. terminal illness or critical illness. The remaining benefit amount for the life cover is reduced by the acceleration benefit;code;;(?i)(None)|(TPD)|(CI)|(LTC)|(Unknown);;
Settlement_Decision;Some settlement issues can happen when e.g. there is a dispute with an insured Indicator if a settlement decision has been taken leading to a partial payment only;code;;(?i)(Yes)|(No);;
Age_attained;Additional dimension which can be used. Calculated during run and not contained in dataset;numeric;no;;;
UDF;Ultimate Development Factor;Numeric+;yes;;;
