Attribute;Entity;Attribute  Definition;Type;Mandatory;code/detail
Client_Risk_Carrier Name;Cedent;Name of the legal entity the corresponding reinsurance treaty is written or will be written;code;no;Omega
Commercial_Client_Name;Cedent;Name of the legal entity the business relationship is conducted with;code;no;Omega
Distribution_brand_name;Cedent;The brand name the portfolio is distributed under;Free text;no;
Client_group;Cedent;Client group name;code;No;Salesforce TBC
Client_segmentation;Cedent;Category of client;code;No;A/B/C
Client_code;Cedent;Official code to identify client (insurer);code;No;Everest for US
Client_country;Cedent;Country of client;code;No;Omega
Deal_ID;DealTreaty;Reference to the deal corresponding to a New Business opportunity;code;No;Salesforce
Everest_Quote_Number;DealTreaty;Reference to the New Business opportunities according to Everest;code;No;Everest
Omega_Treaty_Number;DealTreaty;Reference to the Omega assumed treaty (mandatory for inforce treaties);code;No;Omega
Everest_Treaty_Number;DealTreaty;Reference to the Everest assumed treaty (mandatory for inforce treaties);code;No;Everest
Business_Area;DealTreaty;Official LOB classification according to SCOR reporting;code;No;Protection/Financial solutions/Longevity
Portfolio_Origin;DealTreaty;Block of portfolio origin (in particular used for merged entities);code;No;"Omega: ""Portfolio Origin"""
Currency;DealTreaty;Monetary unit of the Reinsurance treaty.;code;No;Omega
Legal_Entity;DealTreaty;Legal Entity SCOR for RI treaty;code;No;Omega
Product_ID;Insurance Product;SCOR internal product ID;Free Text;Yes;
Product_start_date;Insurance product;Start date of underlying product sales;Date;No;
Product_end_date;Insurance product;End date of underlying product sales;Date;No;
Type_of_policy;Insurance Product;Method of risk acceptance;code;No;Group/Indiv
Product_type;Insurance product;Main category of type of product the insurance cover is part of.;code;No;Protection/Savings/Mortgage/Credit Linked/Annuity
Gender_differentiation;Insurance Product;Product/premium differentiated by gender?;code;No;Yes/ No (helios)
Smoker_differentiation;Insurance Product;Product/premium differentiated by smoking status?;code;No;Yes/No 
Age_definition;Insurance Product;Age definition applied by insurer in product/ premium definition;code;No;Age Last Birthday/Age Nearest Birthday/Age Next Birthday
Mortality_definition;Insurance product;Coverage definition for Death;code;No;all causes/all causes excl suicide/sudden death/accidental
Terminal_Illness_coverage;Insurance product;Indicator if Terminal Illness is included in Death cover or not;code;No;Yes/No
Risk_Type;Product benefit;Risk type covered under product;code;Yes;Death/CI/TPD/LTC/DI/Health
Med_risk_class_structure;Product benefit;# of classes in preferred class structure or other method of differentiating the medical risk (e.g. 4N/2S);code;No;
Occ_risk_class_structure;Product benefit;# of classes or other method of differentiating the occupational risk;Numeric;No;
Min_Age_at_commencement;Product benefit;Minimum age accepted for policy issuance;age;No;
Max_Age_at_commencement;Product benefit;Maximum age accepted for policy issuance;age;No;
Max_Covery_Expiry_Age;Product benefit;Maximum age coverage provided by plan;age;No;
Min_Face_Amount;Product Benefit;Minimum eligeable face amount for policy coverage;Numeric;No;
Max_Face_Amount;Product Benefit;Maximum eligeable face amount for policy coverage;Numeric;No;
Min_Cover_term;Product benefit;Minimum cover duration option provided by product;Numeric;No;
Max_Cover_term;Product benefit;Maximum cover duration option provided by product;Numeric;No;
