Attribute;Entity;Scope;Attribute  Definition;Type;Mandatory Header;code/detail
Life_ID;Insured;All;Unique ID for distinguishing insureds;Free Text;No;
Date_of_Birth;Insured;All;Date of Birth of Insured;Date;No;
Gender;Insured;All;Gender of the insured;Code;No;Male/Female/Unknown
Date_of_last_medical_selection;Insured;All;Date of last medical selection of the policy;Date;No;
Policy_ID;Policy;All;Unique identifier allowing to distinguish different policies ;Free Text;No;
Age_at_Commencement;Policy;All;The age of the insured at the date of commencement.;Age;No;
Cover_Expiry_Age;Policy;All;Maximum age of benefit coverage;Age;No;
Date_of_Commencement;Policy;All;Commencement date of policy coverage.;Date;Yes;
Exposure_Effective_Date;Policy;All;Observed exposure start date, which may be later than the global exposure date and later than the policy date of commencement;Date;No;
Benefit_ID;Benefit;All;Unique identifier allowing to distinguish different benefits of a policy across policies. ;Free Text;No;
Cover_Expiry_Date;Benefit;All;Date when the insured stops to be covered. Benefit payments can carry on, but new claims will not be covered ;Date;No;
Cover_Term_Band_Market;Benefit;All;Band is defined according to the local standards;Numeric;No;
Face_Amount_Band_Client;Benefit;All;Face Amount at Date of Commencement, banded according to Expected Table banding;Code;No;Band 1/Band 2/Band 3/Band 4/Band 5/Band 6/Band 7/Band 8/Band 9/Band 10/Band 11/Band 12/Band 13/Band 14/Band 15/Band 16/Band 17/Band 18/Band 19/Band 20
Face_Amount_Band_SCOR;Benefit;All;Face Amount at Date of Commencement, banded according to analysis band;Numeric;No;
Main_Risk_Type;Benefit;All;Type of main benefit of policy based on EA classification;code;Yes;Life/CI/DI/LTC/TPD/Health
Payment_Expiry_Date;Benefit;DI/ LTC;Date upon which benefit annuity payments cease, e.g. in case of DI or LTC;Date;No;
Acceleration_Risk_Type;Benefit;Life;Type of benefit that is attaching to a life insurance policy, and which is payable prior to death on a condition e.g. terminal illness or critical illness. The remaining benefit amount for the life cover is reduced by the acceleration benefit;code;Yes;None/TPD/CI/LTC/Unknown
Status_End_Current_Condition;Status;All;Policy status at the end of current exposure condition;code;Yes;Active/Claimant/Dead/Withdrawn/Expired/Censored/Empty
Status_Begin_Current_Condition;Status;All;Policy status at the begin of current exposure condition;code;Yes;Active/Claimant
Date_of_End_Current_Condition;Status;All;Date of end of current exposure condition;Date;No;
Date_of_Begin_Current_Condition;Status;All;Date of begin of current exposure condition;Date;Yes;
Risk_Amount_Insurer;Status;All;Current exposure amount of benefit coverage for the insurer. Typically corresponds to Face Amount or Sum at Risk of the insurrer.;Numeric;No;
Risk_Amount_Reinsurer;Status;All;Current exposure amount of benefit coverage for the reinsurer. Typically corresponds to Face Amount Reinsured or Sum At Risk Reinsured;Numeric;No;
Acceleration_Risk_Amount_Reinsur;Status;Life;Current reinsured face amount of acceleration benefit.;Numeric;No;
Acceleration_Risk_Amount_Insurer;Status;Life;Current exposure amount of acceleration benefit for the insurer.;Numeric;No;
Event_ID;Event;All;Unique ID allowing to distinguish events;Free Text;No;
Type_of_Event;Event;All;Type of Event, corresponding to decrement structure of EA platform;code;Yes;death/incidence/withdrawal/claim termination
Event_Amount_Insurer;Event;All;Amount relating to the event for the insurer, typically corresponding to paid amount in case of claims;Numeric;No;
Event_Amount_Reinsurer;Event;All;Amount relating to the event for the reinsurer, typically corresponding to reinsurer paid amount in case of claims;Numeric;No;
Date_of_Event_Incurred;Event;All;Date event incurred;Date;Yes;
Exposure_or_Event;;All;For files without link between exposures and event, this flag indicates which line represents an exposure line and which one an event line;code;Yes;Exposure/Event
Product_ID;Policy;;ID to link policy information to product file;Free Text;Yes;
Date_of_Event_Notified;Event;;Date of event reported by the insured to the insurer;Date;No;
Date_of_Event_Settled;Event;;Date of liability accepted by the insurer;Date;No;
Date_of_Event_Paid;Event;;Date of event ;Date;No;
Settlement_Decision;Event;;Some settlement issues can happen when e.g. there is a dispute with an insured Indicator if a settlement decision has been taken leading to a partial payment only;code;No;Yes/No
Expenses_included;Event;;Indicator if claims adjustment expenses are included in the claim amount;code;No;Yes/No
Data_Line;;;ID of data line in input file;Numeric;No;
Annual_Premium_Insurer;Status;;Annual insurance premium for benefit;Numeric;No;
Annual_Premium_Reinsurer;Status;;Annual premium for benefit - reinsurance share;Numeric;No;
