Attribute;Entity;Scope;Attribute  Definition;Type;Mandatory Header;code/detail;Dimensions 
Client_Risk_Carrier Name;Cedent;;Name of the legal entity the corresponding reinsurance treaty is written or will be written;code;no;Omega;Yes
Commercial_Client_Name;Cedent;;Name of the legal entity the business relationship is conducted with;code;no;Omega;Yes
Distribution_brand_name;Cedent;;The brand name the portfolio is distributed under;Free text;no;;Yes
Client_group;Cedent;;Client group name;code;No;Salesforce TBC;Yes
Client_segmentation;Cedent;;Category of client;code;No;A/B/C;Yes
Client_code;Cedent;;Official code to identify client (insurer);code;No;Everest for US;Yes
Client_country;Cedent;;Country of client;code;No;Omega;Yes
Deal_ID;DealTreaty;;Reference to the deal corresponding to a New Business opportunity;code;No;Salesforce;Yes
Everest_Quote_Number;DealTreaty;;Reference to the New Business opportunities according to Everest;code;No;Everest;Yes
Omega_Treaty_Number;DealTreaty;;Reference to the Omega assumed treaty (mandatory for inforce treaties);code;No;Omega;Yes
Everest_Treaty_Number;DealTreaty;;Reference to the Everest assumed treaty (mandatory for inforce treaties);code;No;Everest;Yes
Business_Area;DealTreaty;;Official LOB classification according to SCOR reporting;code;No;Protection/Financial solutions/Longevity;Yes
Portfolio_Origin;DealTreaty;;Block of portfolio origin (in particular used for merged entities);code;No;"Omega: ""Portfolio Origin""";Yes
Currency;DealTreaty;;Monetary unit of the Reinsurance treaty.;code;No;Omega;Yes
Legal_Entity;DealTreaty;;Legal Entity SCOR for RI treaty;code;No;Omega;Yes
Product_start_date;Insurance product;;Start date of underlying product sales;Date;No;;No
Product_end_date;Insurance product;;End date of underlying product sales;Date;No;;No
Type_of_policy;Insurance Product;;Method of risk acceptance;code;No;Group/Indiv;Yes
Product_type;Insurance product;;Main category of type of product the insurance cover is part of.;code;No;Protection/Savings/Mortgage/Credit Linked/Annuity;Yes
Gender_differentiation;Insurance Product;;Product/premium differentiated by gender?;code;No;Yes/ No (helios);Yes
Smoker_differentiation;Insurance Product;;Product/premium differentiated by smoking status?;code;No;Yes/No ;No
Age_definition;Insurance Product;;Age definition applied by insurer in product/ premium definition;code;No;Age Last Birthday/Age Nearest Birthday/Age Next Birthday;No
Mortality_definition;Insurance product;;Coverage definition for Death;code;No;all causes/all causes excl suicide/sudden death/accidental;Yes
Terminal_Illness_coverage;Insurance product;;Indicator if Terminal Illness is included in Death cover or not;code;No;Yes/No;Yes
Risk_Type;Product benefit;;Risk type covered under product;code;Yes;Death/CI/TPD/LTC/DI/Health;No
Med_risk_class_structure;Product benefit;;# of classes in preferred class structure or other method of differentiating the medical risk (e.g. 4N/2S);code;No;;Yes
Occ_risk_class_structure;Product benefit;;# of classes or other method of differentiating the occupational risk;Numeric;No;;Yes
Min_Age_at_commencement;Product benefit;;Minimum age accepted for policy issuance;age;No;;No
Max_Age_at_commencement;Product benefit;;Maximum age accepted for policy issuance;age;No;;No
Max_Covery_Expiry_Age;Product benefit;;Maximum age coverage provided by plan;age;No;;No
Min_Face_Amount;Product Benefit;;Minimum eligeable face amount for policy coverage;Numeric;No;;No
Max_Face_Amount;Product Benefit;;Maximum eligeable face amount for policy coverage;Numeric;No;;No
Min_Cover_term;Product benefit;;Minimum cover duration option provided by product;Numeric;No;;No
Max_Cover_term;Product benefit;;Maximum cover duration option provided by product;Numeric;No;;No
Life_ID;Insured;;Unique ID for distinguishing insureds;Free Text;No;;No
Date_of_Birth;Insured;;Date of Birth of Insured;Date;No;;No
Gender;Insured;;Gender of the insured;Code;No;Male/Female/Unknown;Yes
Date_of_last_medical_selection;Insured;;Date of last medical selection of the policy;Date;No;;No
Policy_ID;Policy;;Unique identifier allowing to distinguish different policies ;Free Text;No;;No
Age_at_Commencement;Policy;;The age of the insured at the date of commencement.;Age;No;;Yes
Cover_Expiry_Age;Policy;;Maximum age of benefit coverage;Age;No;;Yes
Date_of_Commencement;Policy;;Commencement date of policy coverage.;Date;Yes;;No
Exposure_Effective_Date;Policy;;Observed exposure start date, which may be later than the global exposure date and later than the policy date of commencement;Date;No;;No
Benefit_ID;Benefit;;Unique identifier allowing to distinguish different benefits of a policy across policies. ;Free Text;No;;No
Cover_Expiry_Date;Benefit;;Date when the insured stops to be covered. Benefit payments can carry on, but new claims will not be covered ;Date;No;;No
Cover_Term_Band_Market;Benefit;;Band is defined according to the local standards;Numeric;No;;Yes
Face_Amount_Band_Client;Benefit;;Face Amount at Date of Commencement, banded according to Expected Table banding;Code;No;Band 1/Band 2/Band 3/Band 4/Band 5/Band 6/Band 7/Band 8/Band 9/Band 10/Band 11/Band 12/Band 13/Band 14/Band 15/Band 16/Band 17/Band 18/Band 19/Band 20;Yes
Face_Amount_Band_SCOR;Benefit;;Face Amount at Date of Commencement, banded according to analysis band;Numeric;No;;Yes
Main_Risk_Type;Benefit;;Type of main benefit of policy based on EA classification;code;Yes;Life/CI/DI/LTC/TPD/Health;Yes
Payment_Expiry_Date;Benefit;;Date upon which benefit annuity payments cease, e.g. in case of DI or LTC;Date;No;;No
Acceleration_Risk_Type;Benefit;;Type of benefit that is attaching to a life insurance policy, and which is payable prior to death on a condition e.g. terminal illness or critical illness. The remaining benefit amount for the life cover is reduced by the acceleration benefit;code;Yes;None/TPD/CI/LTC/Unknown;Yes
Status_End_Current_Condition;Status;;Policy status at the end of current exposure condition;code;Yes;Active/Claimant/Dead/Withdrawn/Expired/Censored/Empty;No
Status_Begin_Current_Condition;Status;;Policy status at the begin of current exposure condition;code;Yes;Active/Claimant;No
Date_of_End_Current_Condition;Status;;Date of end of current exposure condition;Date;No;;No
Date_of_Begin_Current_Condition;Status;;Date of begin of current exposure condition;Date;Yes;;No
Risk_Amount_Insurer;Status;;Current exposure amount of benefit coverage for the insurer. Typically corresponds to Face Amount or Sum at Risk of the insurrer.;Numeric;No;;No
Risk_Amount_Reinsurer;Status;;Current exposure amount of benefit coverage for the reinsurer. Typically corresponds to Face Amount Reinsured or Sum At Risk Reinsured;Numeric;No;;No
Acceleration_Risk_Amount_Reinsur;Status;;Current reinsured face amount of acceleration benefit.;Numeric;No;;No
Acceleration_Risk_Amount_Insurer;Status;;Current exposure amount of acceleration benefit for the insurer.;Numeric;No;;No
Event_ID;Event;;Unique ID allowing to distinguish events;Free Text;No;;No
Type_of_Event;Event;;Type of Event, corresponding to decrement structure of EA platform;code;Yes;death/incidence/withdrawal/claim termination;No
Event_Amount_Insurer;Event;;Amount relating to the event for the insurer, typically corresponding to paid amount in case of claims;Numeric;No;;No
Event_Amount_Reinsurer;Event;;Amount relating to the event for the reinsurer, typically corresponding to reinsurer paid amount in case of claims;Numeric;No;;No
Date_of_Event_Incurred;Event;;Date event incurred;Date;Yes;;No
Exposure_or_Event;;;For files without link between exposures and event, this flag indicates which line represents an exposure line and which one an event line;code;Yes;Exposure/Event;No
Product_ID;Policy;;ID to link policy information to product file;Free Text;Yes;;No
Date_of_Event_Notified;Event;;Date of event reported by the insured to the insurer;Date;No;;No
Date_of_Event_Settled;Event;;Date of liability accepted by the insurer;Date;No;;No
Date_of_Event_Paid;Event;;Date of event ;Date;No;;No
Settlement_Decision;Event;;Some settlement issues can happen when e.g. there is a dispute with an insured Indicator if a settlement decision has been taken leading to a partial payment only;code;No;Yes/No;Yes
Expenses_included;Event;;Indicator if claims adjustment expenses are included in the claim amount;code;No;Yes/No;No
Data_Line;;;ID of data line in input file;Numeric;No;;No
Annual_Premium_Insurer;Status;;Annual insurance premium for benefit;Numeric;No;;No
Annual_Premium_Reinsurer;Status;;Annual premium for benefit - reinsurance share;Numeric;No;;No
