Client_Risk_Carrier Name;Commercial_Client_Name;Distribution_brand_name;Client_group;Client_segmentation;Client_code;Client_country;Deal_ID;Everest_Quote_Number;Omega_Treaty_Number;Everest_Treaty_Number;Business_Area;Portfolio_Origin;Currency;Legal_Entity;Product_ID;Product_start_date;Product_end_date;Type_of_policy;Product_type;Gender_differentiation;Smoker_differentiation;Age_definition;Mortality_definition;Terminal_Illness_coverage;Risk_Type;Med_risk_class_structure;Occ_risk_class_structure;Min_Age_at_commencement;Max_Age_at_commencement;Max_Covery_Expiry_Age;Min_Face_Amount;Max_Face_Amount;Min_Cover_term;Max_Cover_term
;;Axa;;A;;;;;;;Protection;;;;1;01/01/1995;01/01/2000;Group;Protection;Yes;Yes;Age Last Birthday;;;DI;;10;10;50;65;1000;1000000;5;30
;;Matmut;;A;;;;;;;Protection;;;;2;01/01/1995;01/01/2000;Group;Protection;Yes;Yes;Age Last Birthday;;;Death;;10;10;50;65;1000;1000000;5;30
;;Macif;;B;;;;;;;Financial solutions;;;;3;01/01/1995;01/01/2000;Group;Savings;Yes;No;Age Nearest Birthday;;;Death;;10;10;50;65;1000;1000000;5;30
;;Mutuelle des motards;;B;;;;;;;Longevity;;;;4;01/01/1995;01/01/2000;Group;Annuity;Yes;Yes;Age Next Birthday;;;TPD;;10;10;50;65;1000;1000000;5;30
;;Groupama;;C;;;;;;;Protection;;;;5;01/01/1995;01/01/2000;Indiv;Credit Linked;Yes;No;Age Last Birthday;all causes;Yes;CI;;10;10;50;65;1000;1000000;5;30
;;Allianz;;C;;;;;;;Protection;;;;6;01/01/1995;01/01/2000;Indiv;Mortgage;Yes;Yes;Age Last Birthday;all causes excl suicide;No;Death;;10;10;50;65;1000;1000000;5;30
;;Generali;;C;;;;;;;Protection;;;;7;01/01/1995;01/01/2000;Indiv;Protection;Yes;No;Age Last Birthday;sudden death;No;Health;;10;10;50;65;1000;1000000;5;30
;;CNP;;C;;;;;;;Protection;;;;8;01/01/1995;01/01/2000;Indiv;Protection;Yes;No;Age Last Birthday;accidental;Yes;TPD;;10;10;50;65;1000;1000000;5;30
