<?xml version="1.0" encoding="UTF-8"?>
<configuration>

    <appender name="FILE" class="ch.qos.logback.core.FileAppender">
        <file>${user.home}/myApp.log</file>
        <append>false</append>
        <encoder>
            <pattern>%-5relative %-5level %logger{35} - %msg%n</pattern>
        </encoder>
    </appender>

    <appender name="STDOUT" class="ch.qos.logback.core.ConsoleAppender">
        <encoder>
            <pattern>%-5relative %-5level %logger{35} - %msg%n</pattern>
        </encoder>
    </appender>

    <root level="INFO">
        <appender-ref ref="FILE" />
        <appender-ref ref="STDOUT" />
    </root>



</configuration>