Treaty Number;Portfolio Origin;Bucket ID;Decrement
Omega;"Omega: ""Portfolio Origin""";1;qx
Omega;"Omega: ""Portfolio Origin""";1;qx
Omega;"Omega: ""Portfolio Origin""";1;qx
Omega;"Omega: ""Portfolio Origin""";1;qx
Omega;"Omega: ""Portfolio Origin""";1;qx
Omega;"Omega: ""Portfolio Origin""";1;qx
Omega;"Omega: ""Portfolio Origin""";1;qx
Omega;"Omega: ""Portfolio Origin""";1;qx
Omega;"Omega: ""Portfolio Origin""";1;qx
Omega;"Omega: ""Portfolio Origin""";1;qx
Omega;"Omega: ""Portfolio Origin""";1;qx
Omega;"Omega: ""Portfolio Origin""";2;qx
Omega;"Omega: ""Portfolio Origin""";2;qx
Omega;"Omega: ""Portfolio Origin""";3;qx
Omega;"Omega: ""Portfolio Origin""";3;qx
Omega;"Omega: ""Portfolio Origin""";4;qx
Omega;"Omega: ""Portfolio Origin""";4;qx
Omega;"Omega: ""Portfolio Origin""";4;qx
Omega;"Omega: ""Portfolio Origin""";4;qx
Omega;"Omega: ""Portfolio Origin""";4;qx
Omega;"Omega: ""Portfolio Origin""";5;qx
Omega;"Omega: ""Portfolio Origin""";6;qx
Omega;"Omega: ""Portfolio Origin""";6;qx
Omega;"Omega: ""Portfolio Origin""";7;qx
Omega;"Omega: ""Portfolio Origin""";7;qx
Omega;"Omega: ""Portfolio Origin""";7;qx
Omega;"Omega: ""Portfolio Origin""";7;qx
Omega;"Omega: ""Portfolio Origin""";7;qx
Omega;"Omega: ""Portfolio Origin""";7;qx
Omega;"Omega: ""Portfolio Origin""";8;qx
Omega;"Omega: ""Portfolio Origin""";9;qx
Omega;"Omega: ""Portfolio Origin""";10;qx
Omega;"Omega: ""Portfolio Origin""";11;qx
Omega;"Omega: ""Portfolio Origin""";11;qx
Omega;"Omega: ""Portfolio Origin""";12;qx
Omega;"Omega: ""Portfolio Origin""";13;qx
Omega;"Omega: ""Portfolio Origin""";14;qx
Omega;"Omega: ""Portfolio Origin""";15;qx
