Year;Gender;UDF;Decrement;Result Metric;Decrement;Age at Commencement;Cover Duration Band SCOR;Cover Expiry Age;Main Risk Type;Face Amount Band Client;Face Amount Band SCOR;Acceleration Risk Type;Age attained;Duration Year 
2017;Male;1,651;qx;By Count;qx;1;1;12;Life;Band 1;12;TPD;123;23
2016;Male;1,263;qx;By Count;qx;1,1;1,1;12;Life;Band 2;12;TPD;123;23
2015;Male;1,174;qx;By Count;qx;1.1;1.1;12;Life;Band 3;12;TPD;123;23
2014;Male;1,122;qx;By Count;qx;1.2;1.2;12;Life;Band 4;12;TPD;123;23
2013;Male;1;qx;By Count;qx;1.3;1.3;12;Life;Band 5;12;TPD;123;23
2017;Male;1,726;qx;By Count;qx;1.4;1.4;12;Life;Band 6;12;TPD;123;23
2016;Male;1,32;qx;By Count;qx;1.5;1.5;12;Life;Band 7;12;TPD;123;23
2015;Male;1,228;qx;By Count;qx;1.6;1.6;12;Life;Band 8;12;TPD;123;23
2014;Male;1,173;qx;By Count;qx;1.7;1.7;12;Life;Band 9;12;TPD;123;23
2013;Male;1,045;qx;By Count;qx;1.8;1.8;12;Life;Band 10;12;TPD;123;23
2017;Female;1,726;qx;By Count;qx;1.9;1.9;12;Life;Band 11;12;TPD;123;23
2016;Female;1,32;qx;By Count;qx;1.10;1.10;12;Life;Band 12;12;TPD;123;23
2015;Female;1,228;qx;By Count;qx;1.11;1.11;12;Life;Band 13;12;TPD;123;23
2014;Female;1,173;qx;By Count;qx;1.12;1.12;12;Life;Band 14;12;TPD;123;23
2013;Female;1;qx;By Count;qx;1.13;1.13;12;Life;Band 15;12;TPD;123;23
2017;Female;1,726;qx;By Count;qx;1.14;1.14;12;Life;Band 16;12;TPD;123;23
2016;Female;1,32;qx;By Count;qx;1.15;1.15;12;Life;Band 17;12;TPD;123;23
2015;Female;1,228;qx;By Count;qx;1.16;1.16;12;Life;Band 18;12;TPD;123;23
2014;Female;1,173;qx;By Count;qx;1.17;1.17;12;Life;Band 19;12;TPD;123;23
2014;Female;1,045;qx;By Count;qx;1.18;1.18;12;Life;Band 20;12;TPD;123;23
